id,target
c0f722661,-1.4918418006381613
f0953f0a5,-0.6748751611495081
0df072751,-0.8430051848256821
04caf4e0c,-2.0102508365438725
0e63f8bea,-1.374240102185369
12537fe78,-0.6491004393066037
965e592c0,-0.06816596500685979
